year,price
2012-01-01,18.2
2012-01-03,18.4
2012-01-04,18.9
2012-01-05,18.8
2012-01-06,19.5
2012-01-07,19.3
2012-01-08,20.3
2012-01-10,20.2
2012-01-11,18.6
2012-01-12,18.2
2012-01-13,16.8
2012-01-14,17.4
2012-01-15,17.9
2012-01-17,17.4
2012-01-18,16.8
2012-01-19,15.4
2012-01-20,14.5
2012-01-21,14.1
2012-01-22,15.0
2012-01-28,15.6
2012-01-29,15.9
2012-01-30,15.3
2012-02-01,15.7
2012-02-02,16.7
2012-02-03,15.2
2012-02-04,15.6
2012-02-05,18.0
2012-02-06,19.7
2012-02-09,20.6
2012-02-10,18.8
2012-02-11,17.5
2012-02-12,18.7
2012-02-14,19.5
2012-02-15,19.7
2012-02-16,18.5
2012-02-17,17.8
2012-02-18,18.2
2012-02-19,18.3
2012-02-21,19.7
2012-02-22,20.7
2012-02-23,21.1
2012-02-24,21.5
2012-02-25,21.6
2012-02-26,22.5
2012-02-28,22.2
2012-02-29,23.0
2012-03-01,24.9
2012-03-02,25.8
2012-03-03,25.9
2012-03-04,28.2
2012-03-06,28.4
2012-03-07,28.3
2012-03-08,27.8
2012-03-09,25.9
2012-03-10,26.7
2012-03-11,28.5
2012-03-13,26.8
2012-03-14,26.3
2012-03-15,26.6
2012-03-16,27.2
2012-03-17,26.4
2012-03-18,26.5
2012-03-20,26.4
2012-03-21,26.5
2012-03-22,25.4
2012-03-23,25.8
2012-03-24,26.6
2012-03-25,26.5
2012-03-27,23.9
2012-03-28,22.7
2012-03-29,21.9
2012-03-30,20.7
2012-03-31,20.5
2012-04-01,19.5
2012-04-02,18.7
2012-04-03,19.0
2012-04-06,20.1
2012-04-07,20.4
2012-04-08,20.0
2012-04-10,20.4
2012-04-11,19.8
2012-04-12,19.7
2012-04-13,18.6
2012-04-14,19.0
2012-04-15,18.7
2012-04-17,17.5
2012-04-18,18.1
2012-04-19,19.0
2012-04-20,20.0
2012-04-21,20.9
2012-04-22,20.9
2012-04-24,19.3
2012-04-25,18.4
2012-04-26,17.5
2012-04-27,16.5
2012-04-28,16.6
2012-04-29,16.9
2012-05-01,17.3
2012-05-02,17.3
2012-05-03,16.4
2012-05-04,17.7
2012-05-05,19.4
2012-05-06,21.1
2012-05-08,21.8
2012-05-09,19.5
2012-05-10,19.1
2012-05-11,19.5
2012-05-12,19.8
2012-05-13,19.3
2012-05-15,17.3
2012-05-16,15.9
2012-05-17,16.5
2012-05-18,16.7
2012-05-19,17.5
2012-05-20,18.6
2012-05-22,19.8
2012-05-23,22.2
2012-05-24,22.0
2012-05-25,19.9
2012-05-26,20.0
2012-05-27,19.5
2012-05-29,19.6
2012-05-30,19.6
2012-05-31,19.0
2012-06-01,18.3
2012-06-02,20.1
2012-06-03,21.6
2012-06-05,19.9
2012-06-06,18.9
2012-06-07,19.2
2012-06-08,18.1
2012-06-09,17.6
2012-06-10,17.6
2012-06-12,17.1
2012-06-13,17.9
2012-06-14,17.7
2012-06-15,17.1
2012-06-16,16.3
2012-06-17,17.7
2012-06-19,18.9
2012-06-20,18.6
2012-06-21,18.7
2012-06-22,18.9
2012-06-23,18.7
2012-06-26,20.6
2012-06-27,17.8
2012-06-28,16.7
2012-06-29,16.6
2012-06-30,18.4
2012-07-01,20.3
2012-07-03,20.0
2012-07-04,19.1
2012-07-05,17.5
2012-07-06,16.8
2012-07-07,16.6
2012-07-08,17.2
2012-07-10,17.3
2012-07-11,16.1
2012-07-12,15.4
2012-07-13,14.6
2012-07-14,14.7
2012-07-15,15.7
2012-07-17,16.4
2012-07-18,17.7
2012-07-19,18.1
2012-07-20,17.5
2012-07-21,17.6
2012-07-22,19.0
2012-07-24,19.1
2012-07-25,18.9
2012-07-26,18.9
2012-07-27,18.6
2012-07-28,20.0
2012-07-29,21.8
2012-07-31,22.6
2012-08-01,25.7
2012-08-02,27.1
2012-08-03,27.3
2012-08-04,30.0
2012-08-05,36.1
2012-08-07,35.0
2012-08-08,33.5
2012-08-09,32.5
2012-08-10,32.6
2012-08-11,34.3
2012-08-12,34.4
2012-08-14,34.8
2012-08-15,35.9
2012-08-16,38.2
2012-08-17,39.9
2012-08-18,41.7
2012-08-19,41.0
2012-08-21,36.7
2012-08-22,37.2
2012-08-23,37.8
2012-08-24,37.8
2012-08-25,40.0
2012-08-26,39.5
2012-08-28,38.6
2012-08-29,40.5
2012-08-30,40.8
2012-08-31,42.9
2012-09-01,44.4
2012-09-02,42.8
2012-09-05,41.3
2012-09-06,36.5
2012-09-07,36.9
2012-09-08,41.7
2012-09-09,42.5
2012-09-11,40.4
2012-09-12,41.0
2012-09-13,41.0
2012-09-14,41.7
2012-09-15,45.6
2012-09-16,45.7
2012-09-18,42.6
2012-09-19,40.0
2012-09-20,36.1
2012-09-21,34.7
2012-09-22,35.0
2012-09-23,34.9
2012-09-25,35.8
2012-09-26,36.7
2012-09-27,35.7
2012-09-28,35.8
2012-09-29,37.9
2012-09-30,40.9
2012-10-03,36.5
2012-10-04,31.0
2012-10-05,29.7
2012-10-06,30.0
2012-10-07,34.9
2012-10-09,35.6
2012-10-10,33.2
2012-10-11,34.2
2012-10-12,34.3
2012-10-13,38.9
2012-10-14,40.2
2012-10-16,38.2
2012-10-17,35.4
2012-10-18,35.1
2012-10-19,35.7
2012-10-20,38.0
2012-10-21,41.9
2012-10-23,41.3
2012-10-24,39.0
2012-10-25,38.9
2012-10-26,39.8
2012-10-27,41.7
2012-10-28,43.4
2012-10-30,43.5
2012-10-31,40.4
2012-11-01,37.3
2012-11-02,37.3
2012-11-03,38.7
2012-11-04,39.2
2012-11-06,36.8
2012-11-07,36.4
2012-11-08,36.0
2012-11-09,35.0
2012-11-10,35.1
2012-11-11,36.3
2012-11-13,36.6
2012-11-14,38.0
2012-11-15,38.5
2012-11-16,38.3
2012-11-17,36.5
2012-11-18,33.9
2012-11-20,35.4
2012-11-21,34.6
2012-11-22,36.0
2012-11-23,32.7
2012-11-24,31.7
2012-11-25,33.9
2012-11-27,37.3
2012-11-28,40.7
2012-11-29,40.9
2012-11-30,38.5
2012-12-01,38.7
2012-12-02,37.8
2012-12-04,40.0
2012-12-05,40.4
2012-12-06,40.4
2012-12-07,39.4
2012-12-08,40.3
2012-12-09,40.9
2012-12-11,42.9
2012-12-12,45.1
2012-12-13,45.3
2012-12-14,45.1
2012-12-15,50.3
2012-12-16,51.3
2012-12-18,52.6
2012-12-19,46.2
2012-12-20,45.8
2012-12-21,46.1
2012-12-22,47.2
2012-12-23,46.6
2012-12-25,46.5
2012-12-26,48.4
2012-12-27,46.8
2012-12-28,46.3
2012-12-29,47.8
2012-12-30,47.9
2013-01-01,45.0
2013-01-02,43.2
2013-01-03,40.6
2013-01-04,39.3
2013-01-05,40.3
2013-01-06,43.5
2013-01-08,44.2
2013-01-09,40.6
2013-01-10,37.8
2013-01-11,38.3
2013-01-12,40.2
2013-01-13,40.5
2013-01-15,39.5
2013-01-16,37.6
2013-01-17,34.1
2013-01-18,32.9
2013-01-19,32.1
2013-01-20,33.2
2013-01-22,36.5
2013-01-23,37.0
2013-01-24,36.0
2013-01-25,36.0
2013-01-26,36.9
2013-01-27,38.0
2013-01-29,37.8
2013-01-30,36.5
2013-01-31,34.3
2013-02-01,36.3
2013-02-02,36.6
2013-02-03,36.8
2013-02-05,34.8
2013-02-06,33.1
2013-02-07,32.3
2013-02-08,32.4
2013-02-09,34.4
2013-02-15,39.6
2013-02-16,35.7
2013-02-17,36.5
2013-02-19,36.2
2013-02-20,35.7
2013-02-21,34.1
2013-02-22,32.7
2013-02-23,34.5
2013-02-24,37.4
2013-02-27,36.3
2013-02-28,33.3
2013-03-01,32.7
2013-03-02,31.5
2013-03-03,30.0
2013-03-05,29.9
2013-03-06,29.7
2013-03-07,31.0
2013-03-08,34.7
2013-03-09,36.1
2013-03-10,36.7
2013-03-12,37.4
2013-03-13,37.4
2013-03-14,38.0
2013-03-15,39.2
2013-03-16,37.2
2013-03-17,36.1
2013-03-19,36.2
2013-03-20,34.3
2013-03-21,33.4
2013-03-22,35.3
2013-03-23,38.0
2013-03-24,39.0
2013-03-26,39.3
2013-03-27,38.6
2013-03-28,36.1
2013-03-29,33.9
2013-03-30,36.4
2013-03-31,35.4
2013-04-02,33.1
2013-04-03,32.4
2013-04-06,33.1
2013-04-07,31.5
2013-04-09,31.5
2013-04-10,31.0
2013-04-11,33.1
2013-04-12,31.1
2013-04-13,29.0
2013-04-14,31.1
2013-04-16,30.2
2013-04-17,29.9
2013-04-18,30.4
2013-04-19,30.3
2013-04-20,30.1
2013-04-21,30.7
2013-04-23,34.2
2013-04-24,40.8
2013-04-25,41.7
2013-04-26,39.5
2013-04-27,45.9
2013-04-28,46.0
2013-04-30,38.8
2013-05-01,38.0
2013-05-02,39.0
2013-05-03,39.7
2013-05-04,40.3
2013-05-05,39.4
2013-05-07,40.0
2013-05-08,39.4
2013-05-09,38.0
2013-05-10,39.0
2013-05-11,39.5
2013-05-12,39.1
2013-05-14,37.6
2013-05-15,36.8
2013-05-16,35.1
2013-05-17,34.5
2013-05-18,34.7
2013-05-19,33.9
2013-05-21,31.1
2013-05-22,29.2
2013-05-23,30.4
2013-05-24,30.7
2013-05-25,29.9
2013-05-26,29.9
2013-05-28,26.9
2013-05-29,24.2
2013-05-30,23.3
2013-05-31,19.4
2013-06-01,18.8
2013-06-02,17.8
2013-06-04,18.2
2013-06-05,17.3
2013-06-06,17.3
2013-06-07,17.8
2013-06-08,17.7
2013-06-09,18.4
2013-06-11,18.1
2013-06-12,16.5
2013-06-15,14.7
2013-06-16,12.8
2013-06-18,12.2
2013-06-19,10.5
2013-06-20,10.7
2013-06-21,11.3
2013-06-22,11.5
2013-06-23,11.4
2013-06-25,11.6
2013-06-26,10.3
2013-06-27,9.2
2013-06-28,9.1
2013-06-29,9.8
2013-06-30,9.8
2013-07-02,10.2
2013-07-03,10.4
2013-07-04,10.5
2013-07-05,11.0
2013-07-06,12.1
2013-07-07,13.9
2013-07-09,14.2
2013-07-10,13.3
2013-07-11,12.9
2013-07-12,12.1
2013-07-13,11.3
2013-07-14,13.1
2013-07-16,13.8
2013-07-17,12.5
2013-07-18,13.5
2013-07-19,13.6
2013-07-20,15.0
2013-07-21,17.7
2013-07-23,19.9
2013-07-24,21.6
2013-07-25,21.6
2013-07-26,18.5
2013-07-27,19.1
2013-07-28,21.6
2013-07-30,21.6
2013-07-31,21.6
2013-08-01,19.9
2013-08-02,18.4
2013-08-03,20.0
2013-08-04,21.9
2013-08-06,23.9
2013-08-07,24.8
2013-08-08,25.3
2013-08-09,21.2
2013-08-10,22.5
2013-08-11,23.3
2013-08-13,21.4
2013-08-14,22.0
2013-08-15,22.6
2013-08-16,22.6
2013-08-17,23.6
2013-08-18,27.0
2013-08-20,25.7
2013-08-21,25.0
2013-08-24,23.6
2013-08-25,23.2
2013-08-27,24.9
2013-08-28,27.6
2013-08-29,28.6
2013-08-30,28.7
2013-08-31,27.3
2013-09-01,28.6
2013-09-03,34.3
2013-09-04,33.6
2013-09-05,36.7
2013-09-06,35.3
2013-09-07,40.2
2013-09-08,42.2
2013-09-10,40.3
2013-09-11,38.8
2013-09-12,36.7
2013-09-13,33.9
2013-09-14,35.6
2013-09-15,36.2
2013-09-16,32.8
2013-09-17,32.2
2013-09-18,32.5
2013-09-19,34.1
2013-09-22,34.0
2013-09-24,33.5
2013-09-25,30.9
2013-09-26,30.7
2013-09-27,30.8
2013-09-28,31.0
2013-09-29,30.0
2013-10-01,28.1
2013-10-02,31.4
2013-10-03,30.8
2013-10-04,33.5
2013-10-05,37.6
2013-10-06,35.0
2013-10-08,32.3
2013-10-09,33.4
2013-10-10,33.5
2013-10-11,32.5
2013-10-12,34.4
2013-10-13,37.6
2013-10-15,39.0
2013-10-17,41.1
2013-10-18,41.7
2013-10-19,43.6
2013-10-20,45.3
2013-10-22,44.9
2013-10-23,43.5
2013-10-24,42.5
2013-10-25,40.0
2013-10-26,40.9
2013-10-27,40.6
2013-10-29,41.4
2013-10-30,41.7
2013-10-31,45.8
2013-11-01,44.8
2013-11-02,44.3
2013-11-03,46.5
2013-11-05,49.2
2013-11-06,45.1
2013-11-07,45.9
2013-11-08,45.0
2013-11-09,46.1
2013-11-10,43.2
2013-11-12,40.6
2013-11-13,40.2
2013-11-14,40.6
2013-11-15,40.3
2013-11-16,42.0
2013-11-17,45.7
2013-11-19,44.6
2013-11-20,39.8
2013-11-21,37.4
2013-11-22,33.7
2013-11-23,34.6
2013-11-24,35.4
2013-11-26,38.8
2013-11-27,42.2
2013-11-28,41.6
2013-11-29,38.0
2013-11-30,39.4
2013-12-01,42.8
2013-12-03,42.8
2013-12-04,43.8
2013-12-05,45.9
2013-12-06,46.4
2013-12-07,47.1
2013-12-08,47.5
2013-12-10,47.0
2013-12-11,47.4
2013-12-12,45.5
2013-12-13,44.0
2013-12-14,44.7
2013-12-15,47.5
2013-12-17,47.7
2013-12-18,43.8
2013-12-19,39.0
2013-12-20,37.1
2013-12-21,40.3
2013-12-22,44.6
2013-12-24,44.2
2013-12-25,42.8
2013-12-26,43.1
2013-12-27,41.9
2013-12-28,44.3
2013-12-29,47.4
2013-12-31,47.6
2014-01-01,50.5
2014-01-02,56.0
2014-01-03,57.0
2014-01-04,55.4
2014-01-05,57.4
2014-01-07,54.2
2014-01-08,55.6
2014-01-09,53.4
2014-01-10,46.5
2014-01-11,48.0
2014-01-12,55.3
2014-01-14,54.5
2014-01-15,52.9
2014-01-16,53.4
2014-01-17,50.7
2014-01-18,55.8
2014-01-19,55.5
2014-01-21,51.8
2014-01-22,49.7
2014-01-23,47.2
2014-01-24,44.6
2014-01-25,44.5
2014-01-26,49.5
2014-01-27,47.6
2014-01-28,45.0
2014-01-29,44.3
2014-01-30,43.9
2014-02-05,40.7
2014-02-06,49.5
2014-02-07,50.9
2014-02-08,50.6
2014-02-09,49.4
2014-02-11,47.2
2014-02-12,45.0
2014-02-13,44.0
2014-02-14,41.2
2014-02-18,47.6
2014-02-19,50.0
2014-02-20,47.0
2014-02-21,44.2
2014-02-22,48.3
2014-02-23,50.2
2014-02-25,50.9
2014-02-26,51.3
2014-02-27,52.4
2014-02-28,55.1
2014-03-01,56.3
2014-03-02,59.1
2014-03-04,58.2
2014-03-05,57.2
2014-03-06,55.4
2014-03-07,53.3
2014-03-08,54.6
2014-03-09,52.4
2014-03-11,51.2
2014-03-12,53.7
2014-03-13,57.8
2014-03-14,57.7
2014-03-15,58.7
2014-03-16,58.6
2014-03-18,60.8
2014-03-19,60.5
2014-03-20,58.4
2014-03-21,55.6
2014-03-22,54.9
2014-03-23,57.1
2014-03-25,56.5
2014-03-26,57.7
2014-03-27,57.8
2014-03-28,56.9
2014-03-29,56.1
2014-03-30,54.2
2014-04-01,52.0
2014-04-02,50.2
2014-04-03,51.8
2014-04-04,52.8
2014-04-08,49.8
2014-04-09,44.4
2014-04-10,43.2
2014-04-11,44.1
2014-04-12,46.3
2014-04-13,47.9
2014-04-15,49.2
2014-04-16,49.2
2014-04-17,46.2
2014-04-18,43.4
2014-04-19,42.7
2014-04-20,42.2
2014-04-22,41.7
2014-04-23,43.1
2014-04-24,40.8
2014-04-25,41.0
2014-04-26,42.5
2014-04-27,47.0
2014-04-29,49.5
2014-04-30,47.8
2014-05-01,47.4
2014-05-02,45.3
2014-05-03,45.0
2014-05-04,44.6
2014-05-06,44.1
2014-05-07,42.9
2014-05-08,41.6
2014-05-09,42.7
2014-05-10,45.7
2014-05-11,48.9
2014-05-13,48.9
2014-05-14,50.0
2014-05-15,48.4
2014-05-16,44.5
2014-05-17,47.9
2014-05-18,48.3
2014-05-20,43.2
2014-05-21,43.1
2014-05-22,41.8
2014-05-23,42.0
2014-05-24,44.3
2014-05-25,41.3
2014-05-27,41.3
2014-05-28,44.8
2014-05-29,42.8
2014-05-30,39.7
2014-05-31,39.5
2014-06-01,37.7
2014-06-02,37.8
2014-06-05,39.1
2014-06-06,33.8
2014-06-07,28.8
2014-06-08,26.8
2014-06-10,26.2
2014-06-11,27.9
2014-06-12,28.6
2014-06-13,26.5
2014-06-14,26.1
2014-06-15,26.3
2014-06-17,26.6
2014-06-18,25.9
2014-06-19,22.8
2014-06-20,21.3
2014-06-21,21.6
2014-06-22,21.7
2014-06-24,21.9
2014-06-25,24.6
2014-06-26,23.9
2014-06-27,22.7
2014-06-28,25.0
2014-06-29,25.1
2014-07-01,21.8
2014-07-02,19.4
2014-07-03,15.7
2014-07-04,13.3
2014-07-05,14.0
2014-07-06,15.3
2014-07-08,15.2
2014-07-09,15.5
2014-07-10,17.6
2014-07-11,17.9
2014-07-12,17.2
2014-07-13,16.5
2014-07-15,16.5
2014-07-16,17.0
2014-07-17,15.1
2014-07-18,13.0
2014-07-19,14.7
2014-07-20,17.0
2014-07-22,19.8
2014-07-23,22.7
2014-07-24,21.8
2014-07-25,20.4
2014-07-26,23.9
2014-07-27,25.9
2014-07-29,23.9
2014-07-30,22.0
2014-07-31,20.6
2014-08-01,21.6
2014-08-02,25.0
2014-08-03,27.2
2014-08-05,27.4
2014-08-06,28.3
2014-08-07,30.7
2014-08-08,33.3
2014-08-09,35.2
2014-08-10,36.7
2014-08-13,32.7
2014-08-14,33.4
2014-08-15,32.6
2014-08-16,35.2
2014-08-17,37.7
2014-08-19,34.8
2014-08-20,33.2
2014-08-21,36.5
2014-08-22,37.3
2014-08-23,38.5
2014-08-24,38.0
2014-08-26,36.8
2014-08-27,36.1
2014-08-28,34.8
2014-08-29,30.5
2014-08-30,28.8
2014-08-31,28.1
2014-09-02,27.1
2014-09-03,27.5
2014-09-04,24.6
2014-09-05,21.9
2014-09-06,21.6
2014-09-07,21.1
2014-09-08,22.1
2014-09-11,21.5
2014-09-12,19.0
2014-09-13,19.1
2014-09-14,19.8
2014-09-16,19.6
2014-09-17,20.9
2014-09-18,20.5
2014-09-19,19.3
2014-09-20,20.7
2014-09-21,20.8
2014-09-23,23.1
2014-09-24,23.9
2014-09-25,21.9
2014-09-26,21.2
2014-09-27,22.8
2014-09-28,24.8
2014-09-30,25.8
2014-10-01,26.0
2014-10-02,26.3
2014-10-03,25.5
2014-10-04,26.0
2014-10-05,27.2
2014-10-07,26.9
2014-10-08,28.6
2014-10-09,27.8
2014-10-10,28.1
2014-10-11,30.1
2014-10-12,30.9
2014-10-14,29.2
2014-10-15,27.9
2014-10-16,28.9
2014-10-17,28.4
2014-10-18,28.8
2014-10-19,28.8
2014-10-21,29.9
2014-10-22,31.1
2014-10-23,31.2
2014-10-24,30.2
2014-10-25,29.5
2014-10-26,30.2
2014-10-28,29.1
2014-10-29,26.6
2014-10-30,23.0
2014-10-31,20.6
2014-11-01,20.2
2014-11-02,20.9
2014-11-04,21.8
2014-11-05,25.2
2014-11-06,29.2
2014-11-07,27.6
2014-11-08,26.7
2014-11-09,27.8
2014-11-11,29.8
2014-11-12,28.5
2014-11-13,27.8
2014-11-14,25.6
2014-11-15,25.6
2014-11-16,27.6
2014-11-18,27.8
2014-11-19,26.8
2014-11-20,27.9
2014-11-21,29.5
2014-11-22,28.9
2014-11-23,31.3
2014-11-25,30.1
2014-11-26,29.1
2014-11-27,27.4
2014-11-28,25.5
2014-11-29,25.2
2014-11-30,25.7
2014-12-02,24.9
2014-12-03,25.3
2014-12-04,26.6
2014-12-05,26.9
2014-12-06,28.0
2014-12-07,28.5
2014-12-09,28.9
2014-12-10,27.4
2014-12-11,26.0
2014-12-12,23.1
2014-12-13,21.0
2014-12-14,21.1
2014-12-16,22.2
2014-12-17,23.2
2014-12-18,23.3
2014-12-19,24.5
2014-12-20,25.0
2014-12-23,28.0
2014-12-24,28.0
2014-12-25,28.4
2014-12-26,29.1
2014-12-27,29.5
2014-12-28,28.6
2014-12-30,28.8
2014-12-31,31.1
2015-01-01,34.1
2015-01-02,35.0
2015-01-03,33.9
2015-01-04,35.5
2015-01-06,35.7
2015-01-07,34.5
2015-01-08,35.4
2015-01-09,33.9
2015-01-10,32.8
2015-01-11,31.7
2015-01-13,32.2
2015-01-14,32.9
2015-01-15,33.3
2015-01-16,33.8
2015-01-17,34.7
2015-01-18,36.3
2015-01-20,35.8
2015-01-21,33.9
2015-01-22,34.3
2015-01-23,35.0
2015-01-24,34.9
2015-01-25,34.1
2015-01-27,32.5
2015-01-28,32.2
2015-01-29,34.3
2015-01-30,33.9
2015-01-31,36.2
2015-02-01,38.0
2015-02-03,37.5
2015-02-04,36.3
2015-02-05,33.0
2015-02-06,31.2
2015-02-07,33.4
2015-02-08,33.8
2015-02-10,32.8
2015-02-11,32.3
2015-02-12,33.0
2015-02-13,32.9
2015-02-14,33.5
2015-02-15,33.1
2015-02-16,32.6
2015-02-17,29.0
2015-02-18,31.1
2015-02-24,31.8
2015-02-25,30.6
2015-02-26,30.4
2015-02-28,32.3
2015-03-01,34.6
2015-03-03,37.3
2015-03-04,35.7
2015-03-05,36.6
2015-03-06,36.7
2015-03-10,33.5
2015-03-11,30.4
2015-03-12,29.0
2015-03-13,28.1
2015-03-14,31.1
2015-03-15,33.3
2015-03-17,30.9
2015-03-18,30.7
2015-03-19,36.7
2015-03-20,35.6
2015-03-21,33.3
2015-03-22,32.8
2015-03-24,37.5
2015-03-25,35.1
2015-03-26,32.9
2015-03-27,29.5
2015-03-28,26.8
2015-03-29,29.4
2015-03-31,32.7
2015-04-01,30.2
2015-04-02,28.7
2015-04-03,26.0
2015-04-04,24.3
2015-04-07,22.7
2015-04-08,21.9
2015-04-09,22.5
2015-04-10,22.4
2015-04-11,23.9
2015-04-12,24.9
2015-04-14,24.9
2015-04-15,23.9
2015-04-16,22.9
2015-04-17,22.2
2015-04-18,22.6
2015-04-19,23.2
2015-04-21,23.3
2015-04-22,23.0
2015-04-23,23.9
2015-04-24,25.3
2015-04-25,26.0
2015-04-26,26.8
2015-04-28,27.7
2015-04-29,28.2
2015-04-30,28.6
2015-05-01,27.8
2015-05-02,26.7
2015-05-03,26.6
2015-05-05,26.1
2015-05-06,24.1
2015-05-07,23.7
2015-05-08,25.6
2015-05-09,27.4
2015-05-10,27.4
2015-05-12,25.4
2015-05-13,25.3
2015-05-14,25.4
2015-05-15,24.8
2015-05-16,24.3
2015-05-17,24.8
2015-05-19,27.4
2015-05-20,26.1
2015-05-21,22.9
2015-05-22,21.7
2015-05-23,22.5
2015-05-24,22.7
2015-05-26,22.8
2015-05-27,23.7
2015-05-28,23.2
2015-05-29,21.8
2015-05-30,25.3
2015-05-31,27.0
2015-06-02,26.3
2015-06-03,26.0
2015-06-04,24.4
2015-06-05,23.3
2015-06-06,22.9
2015-06-07,21.0
2015-06-09,22.8
2015-06-10,22.6
2015-06-11,20.9
2015-06-12,19.9
2015-06-13,20.0
2015-06-14,21.8
2015-06-16,21.3
2015-06-17,17.5
2015-06-18,16.1
2015-06-19,15.4
2015-06-20,15.1
2015-06-23,14.8
2015-06-24,15.2
2015-06-25,13.5
2015-06-26,12.7
2015-06-27,12.3
2015-06-28,13.1
2015-06-30,14.1
2015-07-01,13.8
2015-07-02,13.5
2015-07-03,14.0
2015-07-04,14.5
2015-07-05,16.0
2015-07-07,16.5
2015-07-08,16.8
2015-07-09,16.0
2015-07-10,14.1
2015-07-11,15.8
2015-07-12,17.9
2015-07-14,19.0
2015-07-15,21.5
2015-07-16,21.8
2015-07-17,22.3
2015-07-18,25.6
2015-07-19,25.5
2015-07-21,24.1
2015-07-22,26.2
2015-07-23,27.1
2015-07-24,28.1
2015-07-25,26.5
2015-07-26,25.9
2015-07-28,27.3
2015-07-29,27.3
2015-07-30,27.3
2015-07-31,27.6
2015-08-01,26.1
2015-08-02,26.6
2015-08-04,28.8
2015-08-05,28.4
2015-08-06,28.8
2015-08-07,27.9
2015-08-08,25.2
2015-08-09,23.9
2015-08-11,27.7
2015-08-12,29.1
2015-08-13,31.4
2015-08-14,31.7
2015-08-15,33.0
2015-08-16,34.8
2015-08-18,33.2
2015-08-19,30.0
2015-08-20,26.4
2015-08-21,24.6
2015-08-22,24.5
2015-08-23,25.9
2015-08-25,25.8
2015-08-26,28.4
2015-08-27,32.1
2015-08-28,33.7
2015-09-01,36.4
2015-09-02,37.7
2015-09-03,43.2
2015-09-04,46.4
2015-09-05,46.1
2015-09-06,48.6
2015-09-08,47.1
2015-09-09,52.2
2015-09-10,56.1
2015-09-11,59.5
2015-09-12,59.0
2015-09-13,57.1
2015-09-15,56.7
2015-09-16,56.6
2015-09-17,49.8
2015-09-18,45.5
2015-09-19,47.4
2015-09-20,50.0
2015-09-22,49.3
2015-09-23,48.6
2015-09-24,46.9
2015-09-25,44.7
2015-09-26,46.6
2015-09-27,46.8
2015-09-30,44.3
2015-10-01,43.2
2015-10-02,45.0
2015-10-03,46.8
2015-10-04,47.8
2015-10-06,47.5
2015-10-07,48.1
2015-10-08,50.8
2015-10-09,46.6
2015-10-10,45.7
2015-10-11,48.6
2015-10-13,53.3
2015-10-14,50.4
2015-10-15,52.0
2015-10-16,54.3
2015-10-17,55.6
2015-10-18,55.5
2015-10-20,56.2
2015-10-21,57.5
2015-10-22,58.1
2015-10-23,61.1
2015-10-24,62.7
2015-10-25,65.5
2015-10-27,66.3
2015-10-28,65.6
2015-10-29,63.9
2015-10-30,67.5
2015-10-31,69.6
2015-11-01,70.8
2015-11-03,70.6
2015-11-04,65.3
2015-11-05,59.5
2015-11-06,58.8
2015-11-07,58.2
2015-11-08,56.3
2015-11-10,56.9
2015-11-11,57.4
2015-11-12,59.6
2015-11-13,55.0
2015-11-14,57.5
2015-11-15,55.5
2015-11-17,53.8
2015-11-18,51.3
2015-11-19,49.2
2015-11-20,48.4
2015-11-21,49.1
2015-11-22,48.6
2015-11-24,50.7
2015-11-25,54.8
2015-11-26,55.0
2015-11-27,54.0
2015-11-28,54.5
2015-11-29,54.9
2015-12-01,53.5
2015-12-02,53.8
2015-12-03,52.7
2015-12-04,49.8
2015-12-05,47.1
2015-12-06,46.3
2015-12-08,49.0
2015-12-09,51.7
2015-12-10,54.2
2015-12-11,54.3
2015-12-12,54.3
2015-12-13,53.9
2015-12-15,55.0
2015-12-16,53.2
2015-12-17,52.9
2015-12-18,52.9
2015-12-19,51.9
2015-12-20,52.7
2015-12-22,55.2
2015-12-23,55.0
2015-12-24,55.6
2015-12-25,57.8
2015-12-26,56.0
2015-12-27,56.0
2015-12-29,55.9
2015-12-30,55.6
2015-12-31,54.8
2016-01-01,53.4
2016-01-02,53.6
2016-01-03,53.0
2016-01-05,52.5
2016-01-06,51.6
2016-01-07,48.5
2016-01-08,49.1
2016-01-09,54.6
2016-01-10,54.5
2016-01-12,52.6
2016-01-13,50.9
2016-01-14,51.7
2016-01-15,51.5
2016-01-16,47.8
2016-01-17,43.9
2016-01-19,46.0
2016-01-20,48.7
2016-01-21,49.3
2016-01-22,50.8
2016-01-23,51.1
2016-01-24,50.3
2016-01-26,52.5
2016-01-27,53.3
2016-01-28,59.4
2016-01-29,54.4
2016-01-30,55.8
2016-01-31,56.5
2016-02-01,55.1
2016-02-02,51.2
2016-02-03,51.5
2016-02-04,50.1
2016-02-05,46.5
2016-02-06,45.5
2016-02-07,46.1
2016-02-13,46.7
2016-02-14,49.8
2016-02-17,52.9
2016-02-18,52.5
2016-02-19,56.7
2016-02-20,58.7
2016-02-21,58.3
2016-02-25,57.5
2016-02-26,55.3
2016-02-27,55.8
2016-02-28,55.9
2016-03-01,58.9
2016-03-02,58.8
2016-03-03,59.0
2016-03-04,62.2
2016-03-05,60.0
2016-03-06,62.2
2016-03-08,69.3
2016-03-09,72.3
2016-03-10,69.7
2016-03-11,63.8
2016-03-12,60.4
2016-03-13,60.1
2016-03-15,61.8
2016-03-16,62.8
2016-03-17,64.6
2016-03-18,65.6
2016-03-19,63.6
2016-03-20,62.2
2016-03-22,66.7
2016-03-23,70.4
2016-03-24,69.7
2016-03-25,67.1
2016-03-26,68.1
2016-03-27,66.2
2016-03-29,69.3
2016-03-30,66.0
2016-03-31,65.0
2016-04-01,66.3
2016-04-02,65.7
2016-04-03,66.9
2016-04-06,66.7
2016-04-07,65.7
2016-04-08,66.3
2016-04-09,67.0
2016-04-10,64.5
2016-04-12,59.8
2016-04-13,56.5
2016-04-14,52.7
2016-04-15,46.4
2016-04-16,41.8
2016-04-17,44.4
2016-04-19,49.3
2016-04-20,52.2
2016-04-21,52.6
2016-04-22,51.1
2016-04-23,53.4
2016-04-24,55.2
2016-04-26,53.1
2016-04-27,49.9
2016-04-28,46.9
2016-04-29,43.7
2016-04-30,42.9
2016-05-01,43.0
2016-05-03,42.5
2016-05-04,43.4
2016-05-05,42.3
2016-05-06,41.2
2016-05-07,41.8
2016-05-08,42.3
2016-05-10,41.5
2016-05-11,39.6
2016-05-12,39.6
2016-05-13,38.2
2016-05-14,37.7
2016-05-15,36.8
2016-05-17,36.9
2016-05-18,37.7
2016-05-19,41.4
2016-05-20,41.2
2016-05-21,39.7
2016-05-22,40.5
2016-05-24,40.1
2016-05-25,39.9
2016-05-26,40.4
2016-05-27,38.6
2016-05-28,37.9
2016-05-29,35.9
2016-05-31,33.9
2016-06-01,35.4
2016-06-02,34.4
2016-06-03,33.4
2016-06-04,34.6
2016-06-05,33.2
2016-06-07,28.9
2016-06-08,26.6
2016-06-09,24.9
2016-06-12,23.6
2016-06-14,22.9
2016-06-15,24.3
2016-06-16,26.3
2016-06-17,28.1
2016-06-18,30.2
2016-06-19,33.0
2016-06-21,32.5
2016-06-22,29.7
2016-06-23,26.5
2016-06-24,23.4
2016-06-25,20.6
2016-06-26,20.9
2016-06-28,21.2
2016-06-29,21.1
2016-06-30,20.1
2016-07-01,19.4
2016-07-02,18.2
2016-07-03,19.8
2016-07-05,18.5
2016-07-06,18.4
2016-07-07,19.1
2016-07-08,16.9
2016-07-09,19.6
2016-07-10,20.2
2016-07-12,21.2
2016-07-13,21.6
2016-07-14,22.1
2016-07-15,22.8
2016-07-16,25.2
2016-07-17,26.6
2016-07-19,24.5
2016-07-20,21.7
2016-07-21,20.0
2016-07-22,19.9
2016-07-23,21.5
2016-07-24,24.6
2016-07-26,24.9
2016-07-27,25.8
2016-07-28,28.0
2016-07-29,26.9
2016-07-30,27.6
2016-07-31,29.1
2016-08-02,31.9
2016-08-03,33.6
2016-08-04,37.9
2016-08-05,38.1
2016-08-06,39.8
2016-08-07,38.0
2016-08-09,36.6
2016-08-10,37.9
2016-08-11,40.5
2016-08-12,39.8
2016-08-13,41.7
2016-08-14,45.8
2016-08-16,45.8
2016-08-17,47.1
2016-08-20,45.8
2016-08-21,47.2
2016-08-23,43.6
2016-08-24,43.8
2016-08-25,45.0
2016-08-26,45.2
2016-08-27,44.6
2016-08-28,45.1
2016-08-30,44.2
2016-08-31,44.5
2016-09-01,43.0
2016-09-02,39.9
2016-09-03,40.3
2016-09-04,38.8
2016-09-06,38.2
2016-09-07,40.0
2016-09-08,42.0
2016-09-09,38.9
2016-09-10,36.8
2016-09-11,35.7
2016-09-13,36.2
2016-09-14,34.4
2016-09-15,35.1
2016-09-18,32.2
2016-09-20,32.3
2016-09-21,32.6
2016-09-22,33.0
2016-09-23,28.9
2016-09-24,31.2
2016-09-25,32.5
2016-09-27,28.5
2016-09-28,27.6
2016-09-29,31.3
2016-09-30,32.2
2016-10-01,33.9
2016-10-02,34.7
2016-10-04,33.8
2016-10-05,35.2
2016-10-06,31.4
2016-10-07,26.3
2016-10-08,28.9
2016-10-09,32.8
2016-10-11,33.1
2016-10-12,32.5
2016-10-13,33.4
2016-10-14,38.3
2016-10-15,39.8
2016-10-16,39.9
2016-10-18,39.1
2016-10-19,37.2
2016-10-20,38.0
2016-10-21,38.5
2016-10-22,38.2
2016-10-23,37.8
2016-10-25,38.8
2016-10-26,39.2
2016-10-27,38.7
2016-10-28,37.2
2016-10-29,36.5
2016-10-30,38.8
2016-11-01,40.2
2016-11-02,40.0
2016-11-03,38.7
2016-11-04,39.9
2016-11-05,43.3
2016-11-06,45.4
2016-11-08,45.6
2016-11-09,50.5
2016-11-10,55.2
2016-11-11,56.9
2016-11-12,56.4
2016-11-13,55.6
2016-11-15,54.4
2016-11-16,57.4
2016-11-17,56.8
2016-11-18,57.5
2016-11-19,60.7
2016-11-20,58.4
2016-11-22,52.6
2016-11-23,48.5
2016-11-24,53.0
2016-11-25,57.2
2016-11-26,62.5
2016-11-27,64.2
2016-11-29,64.9
2016-11-30,65.4
2016-12-01,67.2
2016-12-02,65.1
2016-12-03,63.8
2016-12-04,62.6
2016-12-06,61.3
2016-12-07,67.2
2016-12-08,74.3
2016-12-09,73.1
2016-12-10,72.5
2016-12-11,75.8
2016-12-13,69.2
2016-12-14,70.2
2016-12-15,71.2
2016-12-16,71.4
2016-12-17,75.2
2016-12-18,73.2
2016-12-20,70.4
2016-12-21,73.0
2016-12-22,70.8
2016-12-23,74.3
2016-12-24,75.6
2016-12-25,75.0
2016-12-27,74.3
2016-12-28,79.5
2016-12-29,74.2
2016-12-30,76.3
2016-12-31,78.4
2017-01-01,76.7
2017-01-03,75.2
2017-01-04,79.7
2017-01-05,78.0
2017-01-06,82.0
2017-01-07,76.3
2017-01-08,74.9
2017-01-10,75.9
2017-01-11,79.9
2017-01-12,79.3
2017-01-13,77.2
2017-01-14,78.0
2017-01-15,96.5
2017-01-17,82.1
2017-01-18,86.5
2017-01-19,89.8
2017-01-20,84.8
2017-01-21,86.6
2017-01-22,85.5
2017-01-24,88.0
2017-01-25,75.7
2017-01-26,83.9
2017-01-27,74.7
2017-02-02,80.0
2017-02-03,80.0
2017-02-04,85.8
2017-02-07,78.4
2017-02-08,81.6
2017-02-09,80.8
2017-02-10,82.9
2017-02-11,80.1
2017-02-14,79.1
2017-02-15,80.1
2017-02-16,87.6
2017-02-17,82.3
2017-02-18,82.7
2017-02-19,81.6
2017-02-21,83.3
2017-02-22,80.8
2017-02-23,80.4
2017-02-24,86.9
2017-02-25,82.0
2017-02-26,75.7
2017-02-28,78.7
2017-03-01,82.2
2017-03-02,77.7
2017-03-03,79.6
2017-03-04,69.7
2017-03-05,74.4
2017-03-07,78.6
2017-03-08,74.1
2017-03-09,72.8
2017-03-10,72.2
2017-03-11,75.0
2017-03-12,76.6
2017-03-14,72.6
2017-03-15,76.3
2017-03-16,73.3
2017-03-17,71.7
2017-03-18,74.9
2017-03-19,74.3
2017-03-21,71.5
2017-03-22,72.7
2017-03-23,73.8
2017-03-24,73.5
2017-03-25,76.2
2017-03-26,76.6
2017-03-28,73.7
2017-03-29,77.5
2017-03-30,72.8
2017-03-31,72.2
2017-04-01,72.9
2017-04-02,73.8
2017-04-03,70.6
2017-04-06,72.3
2017-04-07,69.3
2017-04-08,73.6
2017-04-09,77.2
2017-04-11,71.5
2017-04-12,72.0
2017-04-13,69.6
2017-04-14,71.1
2017-04-15,72.6
2017-04-16,69.8
2017-04-18,72.3
2017-04-19,71.9
2017-04-20,69.0
2017-04-21,63.6
2017-04-22,59.1
2017-04-23,64.3
2017-04-25,70.0
2017-04-26,67.1
2017-04-27,68.5
2017-04-28,66.3
2017-04-29,66.7
2017-04-30,62.8
2017-05-02,67.0
2017-05-03,66.1
2017-05-04,58.3
2017-05-05,60.4
2017-05-06,65.1
2017-05-07,66.4
2017-05-09,67.6
2017-05-10,67.2
2017-05-11,65.8
2017-05-12,63.0
2017-05-13,61.0
2017-05-14,58.0
2017-05-16,54.0
2017-05-17,48.7
2017-05-18,48.1
2017-05-19,47.1
2017-05-20,46.6
2017-05-21,47.9
2017-05-23,48.3
2017-05-24,48.9
2017-05-25,46.5
2017-05-26,47.6
2017-05-27,52.0
2017-05-28,52.5
2017-05-29,52.5
2017-05-30,51.9
2017-06-02,46.9
2017-06-03,40.8
2017-06-04,42.9
2017-06-06,44.4
2017-06-07,44.5
2017-06-08,44.7
2017-06-09,43.8
2017-06-10,44.5
2017-06-11,42.3
2017-06-13,31.3
2017-06-14,34.6
2017-06-15,26.6
2017-06-16,20.3
2017-06-17,21.7
2017-06-18,24.6
2017-06-20,27.3
2017-06-21,28.4
2017-06-22,29.4
2017-06-23,29.2
2017-06-24,31.0
2017-06-25,31.6
2017-06-27,28.9
2017-06-28,26.4
2017-06-29,22.4
2017-06-30,18.9
2017-07-01,18.2
2017-07-02,19.6
2017-07-04,16.9
2017-07-05,16.8
2017-07-06,18.2
2017-07-07,16.7
2017-07-08,17.5
2017-07-09,19.4
2017-07-11,18.4
2017-07-12,18.7
2017-07-13,17.6
2017-07-14,14.2
2017-07-15,14.8
2017-07-16,14.7
2017-07-18,15.3
2017-07-19,16.2
2017-07-20,16.7
2017-07-21,15.9
2017-07-22,15.6
2017-07-23,16.5
2017-07-25,17.4
2017-07-26,16.7
2017-07-27,15.7
2017-07-28,15.1
2017-07-29,15.2
2017-07-30,15.4
2017-08-01,16.3
2017-08-02,16.5
2017-08-03,14.8
2017-08-04,13.6
2017-08-05,15.8
2017-08-06,17.1
2017-08-08,16.1
2017-08-09,15.6
2017-08-10,14.8
2017-08-11,13.8
2017-08-12,13.8
2017-08-13,15.8
2017-08-15,15.3
2017-08-16,15.2
2017-08-17,15.9
2017-08-18,15.1
2017-08-19,15.2
2017-08-20,15.4
2017-08-22,15.1
2017-08-23,15.2
2017-08-24,14.0
2017-08-25,12.5
2017-08-26,12.1
2017-08-27,12.2
2017-08-29,12.2
2017-08-30,12.8
2017-08-31,14.0
2017-09-01,14.0
2017-09-02,14.7
2017-09-03,16.6
2017-09-04,15.5
2017-09-05,16.4
2017-09-08,15.8
2017-09-09,14.9
2017-09-10,14.5
2017-09-12,14.9
2017-09-13,15.3
2017-09-14,15.3
2017-09-15,15.5
2017-09-16,14.5
2017-09-17,14.4
2017-09-19,14.2
2017-09-20,15.3
2017-09-21,14.5
2017-09-22,13.7
2017-09-23,15.1
2017-09-24,15.3
2017-09-26,13.2
2017-09-27,12.8
2017-09-28,11.5
2017-09-29,10.4
2017-09-30,10.4
2017-10-01,11.0
2017-10-03,10.6
2017-10-04,11.4
2017-10-07,11.3
2017-10-08,11.5
2017-10-10,11.3
2017-10-11,11.9
2017-10-12,11.2
2017-10-13,9.7
2017-10-14,10.3
2017-10-15,13.0
2017-10-17,13.4
2017-10-18,15.0
2017-10-19,15.7
2017-10-20,15.5
2017-10-21,14.7
2017-10-22,16.0
2017-10-24,16.6
2017-10-25,17.3
2017-10-26,17.2
2017-10-27,16.7
2017-10-28,18.1
2017-10-29,18.3
2017-10-31,18.4
2017-11-01,21.2
2017-11-02,21.1
2017-11-03,22.0
2017-11-04,24.1
2017-11-05,24.7
2017-11-07,23.7
2017-11-08,23.6
2017-11-09,20.4
2017-11-10,17.4
2017-11-11,18.6
2017-11-12,18.3
2017-11-14,16.4
2017-11-15,19.5
2017-11-16,21.4
2017-11-17,19.3
2017-11-18,19.3
2017-11-19,19.3
2017-11-21,20.2
2017-11-22,21.6
2017-11-23,19.8
2017-11-24,20.1
2017-11-25,20.0
2017-11-26,19.7
2017-11-28,21.7
2017-11-29,23.5
2017-11-30,24.1
2017-12-01,22.8
2017-12-02,23.9
2017-12-03,26.2
2017-12-05,25.6
2017-12-06,24.9
2017-12-07,23.3
2017-12-08,21.3
2017-12-09,21.2
2017-12-10,22.5
2017-12-12,24.6
2017-12-13,25.5
2017-12-14,23.9
2017-12-15,24.4
2017-12-16,27.2
2017-12-17,27.6
2017-12-19,27.4
2017-12-20,30.2
2017-12-21,26.7
2017-12-22,27.0
2017-12-23,26.0
2017-12-24,24.7
2017-12-26,27.2
2017-12-27,28.3
2017-12-28,28.4
2017-12-29,28.0
2017-12-30,30.3
2017-12-31,30.3
2018-01-02,32.0
2018-01-03,33.2
2018-01-04,32.3
2018-01-05,31.8
2018-01-06,30.7
2018-01-07,29.2
2018-01-09,24.4
2018-01-10,27.0
2018-01-11,34.3
2018-01-12,36.0
2018-01-13,37.5
2018-01-14,37.9
2018-01-16,37.8
2018-01-17,37.9
2018-01-18,34.8
2018-01-19,32.4
2018-01-20,29.3
2018-01-21,31.4
2018-01-23,32.5
2018-01-24,33.0
2018-01-25,34.0
2018-01-26,35.1
2018-01-27,35.8
2018-01-28,40.0
2018-01-30,37.8
2018-01-31,37.2
2018-02-01,37.4
2018-02-02,37.8
2018-02-03,36.4
2018-02-04,30.0
2018-02-06,30.4
2018-02-07,33.6
2018-02-08,34.9
2018-02-09,35.2
2018-02-10,34.3
2018-02-11,31.0
2018-02-12,31.1
2018-02-13,32.6
2018-02-14,32.0
2018-02-15,33.4
2018-02-21,34.8
2018-02-22,33.4
2018-02-23,35.8
2018-02-27,40.8
2018-02-28,39.8
2018-03-01,33.7
2018-03-02,33.1
2018-03-03,36.7
2018-03-04,34.6
2018-03-08,32.2
2018-03-09,30.9
2018-03-10,31.8
2018-03-11,32.7
2018-03-13,32.5
2018-03-14,31.7
2018-03-15,28.8
2018-03-16,24.6
2018-03-17,25.9
2018-03-18,27.4
2018-03-20,28.2
2018-03-21,27.5
2018-03-22,28.5
2018-03-23,27.0
2018-03-24,24.1
2018-03-25,23.1
2018-03-27,23.4
2018-03-28,24.7
2018-03-29,25.7
2018-03-30,25.5
2018-03-31,26.2
2018-04-01,26.0
2018-04-03,24.3
2018-04-04,22.3
2018-04-07,20.8
2018-04-08,19.9
2018-04-10,19.6
2018-04-11,20.4
2018-04-12,22.2
2018-04-13,20.6
2018-04-14,18.0
2018-04-15,16.4
2018-04-17,19.2
2018-04-18,21.7
2018-04-19,21.0
2018-04-20,19.6
2018-04-21,18.2
2018-04-22,17.2
2018-04-24,14.8
2018-04-25,15.4
2018-04-26,16.8
2018-04-27,17.3
2018-04-28,18.4
2018-04-29,18.0
2018-05-01,17.4
2018-05-02,16.6
2018-05-03,15.8
2018-05-04,15.7
2018-05-05,15.5
2018-05-06,14.5
2018-05-08,13.6
2018-05-09,14.8
2018-05-10,15.8
2018-05-11,16.5
2018-05-12,16.3
2018-05-13,16.8
2018-05-15,17.1
2018-05-16,18.6
2018-05-17,16.5
2018-05-18,12.7
2018-05-19,11.7
2018-05-20,11.2
2018-05-22,10.5
2018-05-23,10.7
2018-05-24,10.6
2018-05-25,10.8
2018-05-26,11.1
2018-05-27,11.0
2018-05-29,11.0
2018-05-30,11.0
2018-05-31,10.2
2018-06-01,11.6
2018-06-02,10.5
2018-06-03,10.6
2018-06-05,10.9
2018-06-06,12.2
2018-06-07,12.0
2018-06-08,11.6
2018-06-09,11.1
2018-06-10,11.6
2018-06-12,13.1
2018-06-13,16.1
2018-06-14,18.1
2018-06-15,19.5
2018-06-16,21.0
2018-06-17,17.4
2018-06-18,16.9
2018-06-21,18.0
2018-06-22,16.3
2018-06-23,15.6
2018-06-24,16.0
2018-06-26,15.9
2018-06-27,17.9
2018-06-28,16.9
2018-06-29,18.4
2018-06-30,17.5
2018-07-01,16.1
2018-07-03,15.5
2018-07-04,16.4
2018-07-05,17.6
2018-07-06,17.3
2018-07-07,17.4
2018-07-08,18.1
2018-07-10,19.0
2018-07-11,20.1
2018-07-12,19.8
2018-07-13,19.1
2018-07-14,17.9
2018-07-15,18.6
2018-07-17,17.6
2018-07-18,18.0
2018-07-19,17.5
2018-07-20,17.4
2018-07-21,16.8
2018-07-22,17.0
2018-07-24,19.0
2018-07-25,20.0
2018-07-26,19.5
2018-07-27,18.6
2018-07-28,18.8
2018-07-29,19.0
2018-07-31,17.5
2018-08-01,16.7
2018-08-02,17.2
2018-08-03,17.3
2018-08-04,18.1
2018-08-05,20.6
2018-08-07,20.9
2018-08-08,19.5
2018-08-09,19.9
2018-08-10,19.2
2018-08-11,18.5
2018-08-12,19.6
2018-08-14,19.4
2018-08-15,18.4
2018-08-16,19.7
2018-08-17,20.1
2018-08-18,19.2
2018-08-19,19.9
2018-08-21,20.8
2018-08-22,22.1
2018-08-23,23.0
2018-08-24,20.5
2018-08-25,20.6
2018-08-28,21.9
2018-08-29,24.8
2018-08-30,27.9
2018-08-31,31.4
2018-09-01,31.0
2018-09-02,31.0
2018-09-04,30.7
2018-09-05,29.1
2018-09-06,28.0
2018-09-07,26.6
2018-09-08,27.3
2018-09-09,27.7
2018-09-11,26.4
2018-09-12,27.3
2018-09-13,28.4
2018-09-14,25.0
2018-09-15,22.4
2018-09-16,20.6
2018-09-18,18.1
2018-09-19,17.2
2018-09-20,17.6
2018-09-21,17.3
2018-09-22,13.7
2018-09-23,17.2
2018-09-24,21.4
2018-09-27,19.5
2018-09-28,17.2
2018-09-29,15.8
2018-09-30,16.5
2018-10-02,17.1
2018-10-03,17.5
2018-10-04,17.3
2018-10-05,18.0
2018-10-06,19.0
2018-10-07,21.5
2018-10-09,23.0
2018-10-10,21.9
2018-10-11,22.9
2018-10-12,25.4
2018-10-13,24.5
2018-10-14,26.5
2018-10-16,25.6
2018-10-17,26.6
2018-10-18,29.4
2018-10-19,31.2
2018-10-20,31.7
2018-10-21,33.6
2018-10-23,34.7
2018-10-24,37.0
2018-10-25,37.9
2018-10-26,43.7
2018-10-27,41.2
2018-10-28,37.6
2018-10-30,38.1
2018-10-31,37.0
2018-11-01,33.0
2018-11-02,32.1
2018-11-03,30.1
2018-11-04,33.8
2018-11-06,36.1
2018-11-07,36.4
2018-11-08,37.5
2018-11-09,36.3
2018-11-10,35.5
2018-11-11,33.9
2018-11-13,33.2
2018-11-14,32.8
2018-11-15,32.8
2018-11-16,33.0
2018-11-17,31.2
2018-11-18,31.4
2018-11-20,33.4
2018-11-21,35.0
2018-11-22,33.0
2018-11-23,31.7
2018-11-24,32.9
2018-11-25,34.2
2018-11-27,33.9
2018-11-28,32.5
2018-11-29,31.3
2018-11-30,30.8
2018-12-01,30.7
2018-12-02,31.9
2018-12-04,31.5
2018-12-05,31.8
2018-12-06,32.2
2018-12-07,34.2
2018-12-08,34.5
2018-12-09,33.2
2018-12-11,32.0
2018-12-12,31.6
2018-12-13,30.5
2018-12-14,30.0
2018-12-15,28.4
2018-12-16,27.5
2018-12-18,28.3
2018-12-19,30.1
2018-12-20,32.3
2018-12-21,32.2
2018-12-22,29.9
2018-12-23,28.2
2018-12-25,27.5
2018-12-26,26.6
2018-12-27,27.1
2018-12-28,27.2
2018-12-29,27.8
2018-12-30,26.9
2019-01-01,26.4
2019-01-02,26.3
2019-01-03,27.3
2019-01-04,26.9
2019-01-05,29.4
2019-01-06,32.0
2019-01-08,32.2
2019-01-09,28.4
2019-01-10,27.1
2019-01-11,26.6
2019-01-12,26.8
2019-01-13,24.7
2019-01-15,24.8
2019-01-16,25.9
2019-01-17,26.8
2019-01-18,27.8
2019-01-19,29.3
2019-01-20,33.1
2019-01-22,33.0
2019-01-23,29.3
2019-01-24,29.1
2019-01-25,25.9
2019-01-26,23.6
2019-01-27,24.2
2019-01-29,25.6
2019-01-30,26.6
2019-01-31,25.6
2019-02-01,24.0
2019-02-02,22.8
2019-02-03,24.6
2019-02-04,27.6
2019-02-10,24.9
2019-02-11,25.8
2019-02-12,25.0
2019-02-14,25.8
2019-02-15,28.5
2019-02-16,28.9
2019-02-17,27.2
2019-02-18,23.6
2019-02-19,20.7
2019-02-22,19.8
2019-02-23,17.4
2019-02-24,16.3
2019-02-26,17.8
2019-02-27,20.4
2019-02-28,20.8
2019-03-01,19.6
2019-03-02,19.8
2019-03-03,20.9
2019-03-05,21.1
2019-03-06,21.4
2019-03-07,22.7
2019-03-08,22.4
2019-03-09,23.4
2019-03-10,25.6
2019-03-12,26.1
2019-03-13,29.1
2019-03-14,29.3
2019-03-15,30.7
2019-03-16,30.1
2019-03-17,30.4
2019-03-19,33.2
2019-03-20,34.7
2019-03-21,32.5
2019-03-22,31.6
2019-03-23,32.0
2019-03-24,32.3
2019-03-26,31.8
2019-03-27,32.6
2019-03-28,32.6
2019-03-29,33.6
2019-03-30,30.7
2019-03-31,31.0
2019-04-02,34.2
2019-04-03,31.6
2019-04-04,32.9
2019-04-07,32.9
2019-04-09,32.2
2019-04-10,33.0
2019-04-11,32.0
2019-04-12,30.8
2019-04-13,30.2
2019-04-14,29.7
2019-04-16,30.8
2019-04-17,30.7
2019-04-18,29.4
2019-04-19,29.7
2019-04-20,28.3
2019-04-21,27.8
2019-04-23,28.4
2019-04-24,28.8
2019-04-25,28.4
2019-04-26,27.4
2019-04-27,25.6
2019-04-28,25.9
2019-04-30,27.6
2019-05-01,28.3
2019-05-02,29.4
2019-05-03,28.3
2019-05-04,28.0
2019-05-05,30.5
2019-05-07,30.8
2019-05-08,29.2
2019-05-09,29.6
2019-05-10,29.7
2019-05-11,29.6
2019-05-12,30.9
2019-05-14,30.7
2019-05-15,30.8
2019-05-17,33.1
2019-05-18,36.4
2019-05-19,36.7
2019-05-21,39.0
2019-05-22,35.9
2019-05-23,34.6
2019-05-24,34.3
2019-05-25,32.7
2019-05-26,34.8
2019-05-28,32.8
2019-05-29,30.0
2019-05-30,31.8
2019-05-31,34.0
2019-06-01,33.5
2019-06-02,31.5
2019-06-04,31.2
2019-06-05,33.8
2019-06-06,33.4
2019-06-07,33.3
2019-06-08,35.0
2019-06-11,32.3
2019-06-12,31.5
2019-06-13,30.7
2019-06-14,30.3
2019-06-15,31.5
2019-06-16,31.8
2019-06-18,30.0
2019-06-19,30.5
2019-06-20,30.7
2019-06-21,29.5
2019-06-22,27.1
2019-06-23,25.2
2019-06-25,25.9
2019-06-26,25.9
2019-06-27,24.9
2019-06-28,23.4
2019-06-29,21.5
2019-06-30,20.6
2019-07-02,22.1
2019-07-03,22.6
2019-07-04,21.9
2019-07-05,22.4
2019-07-06,21.6
2019-07-07,20.8
2019-07-09,21.0
2019-07-10,21.3
2019-07-11,20.1
2019-07-12,20.4
2019-07-13,20.7
2019-07-14,20.6
2019-07-16,20.6
2019-07-17,22.8
2019-07-18,25.5
2019-07-19,24.1
2019-07-20,21.5
2019-07-21,22.1
2019-07-23,22.7
2019-07-24,22.4
2019-07-25,22.3
2019-07-26,23.0
2019-07-27,23.0
2019-07-28,24.3
2019-07-30,27.4
2019-07-31,27.4
2019-08-01,28.2
2019-08-02,27.7
2019-08-03,28.6
2019-08-04,28.7
2019-08-06,30.2
2019-08-07,30.5
2019-08-08,28.5
2019-08-09,27.3
2019-08-10,25.4
2019-08-11,24.5
2019-08-13,26.6
2019-08-14,25.9
2019-08-15,27.6
2019-08-18,27.6
2019-08-20,27.3
2019-08-21,29.4
2019-08-22,31.4
2019-08-23,28.3
2019-08-24,29.3
2019-08-25,29.9
2019-08-27,27.4
2019-08-28,27.1
2019-08-29,28.4
2019-08-30,28.4
2019-08-31,33.0
2019-09-01,33.4
2019-09-03,32.3
2019-09-04,31.5
2019-09-05,29.9
2019-09-06,27.7
2019-09-07,27.8
2019-09-08,27.5
2019-09-10,29.1
2019-09-11,30.4
2019-09-12,27.4
2019-09-13,25.4
2019-09-14,25.1
2019-09-17,26.1
2019-09-18,26.4
2019-09-19,25.6
2019-09-20,25.5
2019-09-21,25.5
2019-09-22,24.8
2019-09-24,27.9
2019-09-25,29.6
2019-09-26,26.4
2019-09-27,27.1
2019-09-28,27.9
2019-09-29,25.7
2019-10-01,23.6
2019-10-02,25.8
2019-10-03,29.9
2019-10-04,29.2
2019-10-05,28.2
2019-10-06,28.3
2019-10-08,27.1
2019-10-09,26.7
2019-10-10,26.4
2019-10-11,26.4
2019-10-12,27.3
2019-10-13,28.5
2019-10-15,27.0
2019-10-16,25.9
2019-10-18,26.7
2019-10-19,25.7
2019-10-20,23.8
2019-10-22,23.6
2019-10-23,24.1
2019-10-24,24.8
2019-10-25,26.0
2019-10-26,24.5
2019-10-27,23.9
2019-10-29,23.5
2019-10-30,24.0
2019-10-31,22.9
2019-11-01,22.3
2019-11-02,21.3
2019-11-03,23.1
2019-11-05,22.9
2019-11-06,22.1
2019-11-07,22.1
2019-11-08,21.6
2019-11-09,21.5
2019-11-10,22.8
2019-11-12,23.2
2019-11-13,23.4
2019-11-15,22.9
2019-11-16,21.6
2019-11-17,21.7
2019-11-19,20.8
2019-11-20,20.8
2019-11-21,20.5
2019-11-22,18.8
2019-11-23,20.1
2019-11-24,23.6
2019-11-26,23.8
2019-11-27,23.1
2019-11-28,21.7
2019-11-29,22.6
2019-11-30,24.6
2019-12-01,26.3
2019-12-03,24.9
2019-12-04,23.0
2019-12-05,22.3
2019-12-06,22.4
2019-12-07,22.4
2019-12-08,24.4
2019-12-10,27.1
2019-12-11,28.4
2019-12-12,31.6
2019-12-13,36.5
2019-12-14,33.5
2019-12-15,32.6
2019-12-17,32.9
2019-12-18,31.1
2019-12-19,30.1
2019-12-20,31.9
2019-12-21,32.0
2019-12-22,32.6
2019-12-24,35.3
2019-12-25,34.8
2019-12-26,34.0
2019-12-27,33.2
2019-12-28,32.6
2019-12-29,32.2
2019-12-31,32.2
2020-01-01,31.0
2020-01-02,30.1
2020-01-03,29.1
2020-01-04,27.1
2020-01-05,28.1
2020-01-07,29.8
2020-01-08,30.9
2020-01-09,31.4
2020-01-10,32.4
2020-01-11,31.0
2020-01-12,29.8
2020-01-14,27.8
2020-01-15,26.4
2020-01-16,25.8
2020-01-17,27.2
2020-01-18,27.0
2020-01-19,26.7
2020-01-21,25.5
2020-01-22,28.2
2020-01-23,25.9
2020-01-24,26.3
2020-01-30,30.9
2020-01-31,29.9
2020-02-01,27.7
2020-02-04,28.0
2020-02-05,28.4
2020-02-06,26.1
2020-02-07,26.0
2020-02-08,26.2
2020-02-11,26.9
2020-02-12,25.7
2020-02-13,25.7
2020-02-14,26.2
2020-02-15,26.6
2020-02-16,25.2
2020-02-18,24.8
2020-02-19,25.7
2020-02-20,27.0
2020-02-21,30.4
2020-02-22,32.6
2020-02-23,33.7
2020-02-25,37.2
2020-02-26,37.7
2020-02-27,37.6
2020-02-28,36.2
2020-02-29,37.2
2020-03-01,42.4
2020-03-03,41.8
2020-03-04,42.8
2020-03-05,41.8
2020-03-06,39.5
2020-03-07,39.5
2020-03-08,41.8
2020-03-10,41.0
2020-03-11,39.6
2020-03-12,38.1
2020-03-13,36.7
2020-03-14,34.8
2020-03-15,32.9
2020-03-17,33.1
2020-03-18,33.3
2020-03-19,32.5
2020-03-20,31.8
2020-03-21,34.6
2020-03-22,35.0
2020-03-24,35.6
2020-03-25,36.7
2020-03-26,34.5
2020-03-27,35.1
2020-03-28,36.3
2020-03-29,34.9
2020-03-31,34.9
2020-04-01,35.3
2020-04-02,33.1
2020-04-03,33.1
2020-04-04,34.8
2020-04-07,33.3
2020-04-08,34.1
2020-04-09,35.5
2020-04-10,36.5
2020-04-11,34.8
2020-04-12,34.4
2020-04-14,34.9
2020-04-15,36.3
2020-04-16,37.4
2020-04-17,36.9
2020-04-18,38.5
2020-04-19,37.1
2020-04-21,39.9
2020-04-22,42.7
2020-04-23,41.0
2020-04-24,47.2
2020-04-25,46.8
2020-04-26,49.4
2020-04-28,50.6
2020-04-29,49.1
2020-04-30,45.0
2020-05-01,41.2
2020-05-02,38.3
2020-05-03,36.0
2020-05-05,38.0
2020-05-06,38.9
2020-05-07,37.4
2020-05-08,38.4
2020-05-09,39.9
2020-05-10,34.5
2020-05-12,32.4
2020-05-13,29.4
2020-05-14,26.0
2020-05-15,25.9
